doctor_id,first_name,last_name,date_of_birth,address,hospital_id
1,Liam,Summers,1991-10-12,"Studio 01P, Kirsty curve, Daviesberg, S6T 4RX",19
2,Lindsey,Hancock,1968-12-11,"Studio 85f, Brett mission, East Reece, E8 2FB",16
3,Jean,Hudson,1974-05-08,"655 Wilson shoal, Port Kirstytown, B18 4JA",39
4,Ruth,Jones,1958-08-18,"Flat 7, Cheryl crossroad, Collinsstad, HG05 5SB",8
5,Christopher,Richardson,1969-11-25,"Studio 5, Murphy stravenue, East Dennisstad, M7S 9PP",31
6,Gordon,Gray,1956-07-02,"876 Gary route, Victormouth, HS4 1LD",39
7,Paula,Harper,1995-09-24,"Flat 38, Turner plaza, Heathborough, L5 6XN",28
8,Gregory,Phillips,1977-11-30,"51 Victor cliff, Amandaport, EN2B 5SD",28
9,Charlie,Adams,1988-11-07,"763 Ross manors, Janiceville, NP0 3ZW",35
10,Garry,Brady,1970-11-29,"446 Albert curve, South Keithside, CH1P 3PP",16
11,Lynne,Gibson,1990-11-16,"Flat 1, Jones mill, Juliefurt, BB1 3PF",21
12,Phillip,Green,1990-04-02,"Studio 77C, Turner green, Evansland, WV4B 3BD",37
13,Oliver,Gould,1989-04-13,"Flat 12D, Christian ports, Bethanyborough, SN6 8YS",2
14,Catherine,Hughes,1966-10-28,"884 Amanda river, North Stuart, S47 3AR",12
15,Clifford,Payne,1973-09-22,"928 Lynda divide, Andreaport, M7 5QU",4
16,Ashleigh,Atkins,1959-01-09,"Studio 58c, Robinson loaf, South Timothyshire, PH14 3AD",9
17,Molly,Kelly,1981-03-29,"619 Kemp road, Begumbury, RM4V 6EH",35
18,Bethan,Chapman,1986-02-09,"5 Matthews rapids, Smithmouth, KA3 7GH",13
19,Paula,Houghton,1962-06-10,"Studio 6, Charles hills, Morganchester, CO29 7AA",2
20,Alex,Chandler,1979-09-06,"969 Randall roads, Lake Elaine, W6 9XG",25
21,Scott,Smith,1986-02-25,"834 Ben mall, New Wendyville, HA50 2RE",19
22,Brett,Webb,1989-08-30,"Studio 99o, Darren shoal, Amandahaven, ZE9 5HW",10
23,Bernard,Jenkins,1959-01-07,"Studio 4, Osborne club, Clementsmouth, WD83 1YG",4
24,Jane,Stone,1962-07-12,"Flat 5, Aimee glens, West Antony, W34 3GS",1
25,Gail,Lewis,1975-06-12,"Flat 1, Roberts road, Rachaelhaven, WN46 8ST",23
26,Joshua,Brown,1979-12-31,"Flat 87z, Terry canyon, New Julian, L3E 2DT",25
27,Georgina,Foster,1994-04-08,"43 Johnson tunnel, East Julie, FY36 5AJ",21
28,Andrea,Spencer,1987-10-01,"Flat 8, Holmes common, Carolynshire, DE8V 3TX",18
29,Megan,Hale,1963-11-29,"Flat 1, Wilkins mission, South Jacob, FY93 9QH",39
30,Marcus,Rahman,1977-05-29,"9 Jones meadows, East Shirleychester, E7G 8DH",1
31,Declan,Patel,1988-11-20,"Studio 8, Wright bridge, Harrymouth, TN38 6DP",20
32,Lawrence,Hunt,1978-08-03,"91 Samuel points, Lake Stuartmouth, G76 9XT",20
33,Derek,Lowe,1959-07-08,"Flat 79, Phillips ports, New Mohamed, KY0B 1XN",28
34,Pauline,Howe,1965-07-01,"Flat 2, Lamb pike, Lake Kathleenhaven, IV2V 0QD",39
35,Connor,Nash,1980-04-10,"Flat 91, Brown village, West Gemma, N0 3HP",19
36,Jill,Ward,1955-04-24,"Flat 49P, Richardson junction, New Jasminemouth, G3G 2FG",14
37,Andrea,Banks,1974-04-19,"8 Barbara pines, Metcalfemouth, S90 0TE",39
38,Robin,Shaw,1995-01-06,"Flat 5, Clark hills, Charlesburgh, G58 4QP",1
39,Kerry,Harrison,1980-09-13,"341 Clarke square, Sandersonchester, LU12 3PY",25
40,Colin,King,1990-06-18,"00 Harris stream, Christinechester, E5J 9XS",20
41,Kim,Craig,1972-08-24,"98 Ricky drives, West Damienton, N5 1XD",18
42,Rachel,Richardson,1966-03-22,"Flat 57S, Ashley estates, Port Ronaldchester, BL48 3RQ",4
43,Marion,Graham,1962-10-21,"Studio 23, Connor stream, East Billyborough, DE1H 6GB",24
44,Abigail,Clark,1971-03-06,"255 Thomas haven, East Christopherhaven, PO41 8ZR",3
45,Carly,Singh,1988-07-09,"Flat 56, Gordon path, Dixonmouth, B7 2UJ",38
46,Glenn,Warner,1965-10-20,"341 Turner stream, Thompsonville, L66 0SL",25
47,Georgia,Baker,1978-06-12,"Studio 3, Ingram divide, Foxberg, ML1A 9FD",37
48,Clive,Thomas,1993-11-01,"Flat 99, Marsden ferry, Patelport, B8D 1TF",35
49,Francis,West,1967-11-19,"472 Collins highway, South Gareth, W44 6XX",11
50,Colin,McCarthy,1985-10-26,"Studio 37v, Harper shoals, West Robert, L24 5FZ",20
51,Toby,Baker,1994-08-09,"5 Morris mews, East Teresa, MK2 8GZ",31
52,Carole,Greenwood,1985-03-02,"Flat 75k, Stuart prairie, East Wayne, L8U 9FH",20
53,Jay,Johnson,1963-08-13,"14 Parker loop, Lake Seanbury, IP4 9RH",1
54,Michael,Watson,1965-08-30,"Flat 4, Thompson crescent, North Dennis, CB9W 7YX",25
55,Molly,Harris,1963-06-10,"Flat 71F, Marc haven, Fionaview, S98 7RT",32
56,Janet,Simpson,1976-09-16,"70 Michelle highway, Carolview, M6A 3RB",9
57,Allan,Ashton,1981-04-15,"84 Georgina neck, West Kyle, SK03 8SJ",33
58,James,Matthews,1971-11-13,"401 Sara circle, Port Kayleighshire, BA27 8PL",2
59,Leonard,Gray,1958-10-15,"24 Leslie turnpike, Lake Douglaschester, B4 2GX",28
60,Nicola,Smith,1979-02-09,"Studio 4, Bell burgs, New Williamfort, TR2 3JN",5
61,Vincent,Walsh,1981-03-17,"0 Barnett cliff, Marsdenmouth, E54 1JF",12
62,Gareth,Evans,1970-10-15,"9 Joe crossing, Bartonfurt, DN3P 2AA",12
63,Susan,Khan,1989-05-03,"Flat 33, Paul extension, New Beverley, L80 8FN",5
64,Kimberley,Barnett,1983-10-08,"8 Doherty forges, New Bethany, L52 3DS",4
65,Karl,Lewis,1986-01-01,"Studio 9, O'Neill crescent, Marianstad, SE1W 3QB",13
66,June,Marshall,1959-03-06,"7 Fuller keys, Teresaborough, G75 0DJ",34
67,Tina,Davies,1982-03-27,"Studio 66, Woodward course, East Royville, LA87 2HF",16
68,Diane,Morgan,1979-08-23,"38 Bell tunnel, Dalebury, CT34 7WY",4
69,Elliot,Gardner,1985-02-14,"928 Kerr estate, New Jilltown, PA0 0PL",23
70,Edward,Price,1959-07-17,"6 Smith key, Lowefurt, B0T 5TF",34
71,Mohammad,Richards,1991-05-22,"Studio 03j, Jamie lake, East Anne, S9 1UW",21
72,Kayleigh,Bell,1994-03-15,"0 Samantha villages, New Ellie, ZE23 0NF",34
73,Nigel,Rahman,1994-05-10,"65 Patrick common, Joanchester, W96 5AU",15
74,Nicholas,Jones,1956-05-28,"9 Sara skyway, Taylorville, W0U 1TP",18
75,Jacqueline,Barry,1978-05-20,"342 Mark drive, East Victorborough, AB7Y 8NE",2
76,Karen,Ball,1968-12-01,"Studio 53x, Josephine stream, South Kirstyville, E85 8JX",10
77,Clive,Summers,1985-11-10,"Flat 35, Norman plaza, Daymouth, IG6 7JY",32
78,Catherine,Harris,1959-04-25,"Studio 6, Hugh rest, Lake Harrietton, KW9 6BX",24
79,Christian,Daly,1985-08-27,"27 Scott views, Lake Andrewview, N7 7EU",21
80,Nicola,Kelly,1959-07-25,"Flat 17, Simpson ways, East Jayne, L21 8EH",20
81,Matthew,James,1995-11-17,"4 Mitchell square, Mandyhaven, E87 4TY",5
82,Natalie,Knight,1980-08-08,"6 Marion stream, East Deborah, E53 3PP",31
83,Claire,Robertson,1967-04-29,"1 Simpson lights, Adriantown, KA3 1SD",25
84,Joshua,Watson,1989-09-14,"7 Bethan mews, Stokesland, M5 1YJ",23
85,Danny,Fox,1968-10-27,"Studio 61H, Akhtar mountains, Port Grace, NE8 8DU",38
86,Norman,Hussain,1989-09-14,"1 Carolyn common, Armstrongfurt, W7T 6XA",4
87,Kenneth,Wallace,1993-12-01,"0 Simpson ports, Melanieview, BR3R 7XU",6
88,Tony,Jones,1967-07-02,"83 Steven extension, Smithton, M31 1YQ",35
89,Emily,Barrett,1968-10-21,"9 Warner pass, East Dorothystad, G8E 0RX",8
90,Martin,Williams,1971-09-15,"Studio 4, Phillip views, Shortland, LL5 9DQ",18
91,Denis,Douglas,1964-09-06,"2 Cook fords, Trevorburgh, WR7B 8US",14
92,Kyle,Martin,1976-12-26,"89 Kyle rue, South William, S60 2QJ",37
93,Eric,Anderson,1957-09-28,"26 Stanley court, Neilhaven, M8 8BF",13
94,Helen,Griffin,1982-10-06,"Studio 9, Stuart trail, East Charles, BR73 0RX",20
95,Joseph,Winter,1983-04-04,"Studio 29, Green lodge, Tobyhaven, L3 0XT",6
96,Bryan,Thomas,1990-12-14,"Studio 22J, Saunders fall, Tonychester, W69 2HY",5
97,Justin,Law,1991-09-14,"0 Webster mall, Smithshire, CA4W 6FJ",37
98,Nicholas,Sutton,1979-05-08,"Studio 70, Rosemary wall, Turnerview, E0 2DD",25
99,Donald,Jackson,1965-12-12,"Studio 71, Potts burgs, West Paulbury, SN44 9XP",9
100,Frances,Ali,1978-09-11,"Flat 2, Davies parks, Port Bethanyberg, RG5 1PZ",14
